Name,url,Price,Rating,Method
A2 Cow Ghee | Lal Sindhi & Rathi Cows | Bilona Method,https://kiwikisanwindow.com/products/pure-organic-desi-cow-a2-ghee,1499.00,4.9,Bilona
A2 Himalayan Cow Ghee | Himalayan Badri Cow | Bilona Method,https://kiwikisanwindow.com/products/a2-himalayan-cow-ghee,2299.00,4.9,Bilona
Amaranth Seed Noodles | Ready to Cook,https://kiwikisanwindow.com/products/amaranth-seed-noodles,179.00,4.8,Slow & Low Temperature
Authentic Ladakhi Chili Mix,https://kiwikisanwindow.com/products/ladhakhi-chilli-mix,299.00,4.8,Smoked & Infused
Berry & Seed Mix,https://kiwikisanwindow.com/products/berry-seed-mix,499.00,4.8,Sun Dried
Butterscotch Freeze Dried Coffee,https://kiwikisanwindow.com/products/vanilla-freeze-dried-coffee-copy,329.00,No reviews,Freeze Dried
Caramel Freeze Dried Coffee,https://kiwikisanwindow.com/products/vanilla-freeze-dried-coffee-copy-copy-1,329.00,No reviews,Freeze Dried
Chamomile Black Tea,https://kiwikisanwindow.com/products/hibiscus-green-tea-copy-copy,189.00,No reviews,Hand Picked
Damas Rose Gulkand | Honey Based,https://kiwikisanwindow.com/products/damas-rose-raw-honey-gulkand,499.00,4.8,Sun - Infused
Foxtail Millet Noodles | Ready to Cook,https://kiwikisanwindow.com/products/healthy-chinese-2405201758275,179.00,4.8,Slow & Low Temperature
Freeze Dried Coffee,https://kiwikisanwindow.com/products/freeze-dried-strong-coffee,499.00,4.8,Freeze Dried
Hazelnut Freeze Dried Coffee,https://kiwikisanwindow.com/products/vanilla-freeze-dried-coffee-copy-copy,329.00,No reviews,Freeze Dried
Hibiscus Green Tea,https://kiwikisanwindow.com/products/tea-coffee-2405201756547,219.00,4.8,Hand Picked
Himalayan Choru Salt | Angelica Glauca,https://kiwikisanwindow.com/products/spices-masala-herbs-99952000000697,249.00,4.2,Silbatta
Himalayan Hemp Salt | Blend of Flavor & Wellness,https://kiwikisanwindow.com/products/spices-masala-herbs-99907000004967,249.00,4.8,Silbatta
Himalayan Mint Chilli Salt,https://kiwikisanwindow.com/products/spices-masala-herbs-2405201754680,199.00,4.7,Silbatta
Himalayan Rhododendron Herbal Tea,https://kiwikisanwindow.com/products/himalayan-rhododendron-herbal-tea,389.00,4.8,Hand Picked
Jasmine Spirit Tea,https://kiwikisanwindow.com/products/hibiscus-green-tea-copy,189.00,No reviews,Hand Picked
Kashmiri Acacia Honey,https://kiwikisanwindow.com/products/acacia-honey,499.00,4.9,Bee-Friendly
Kesar Badam Milk Shake,https://kiwikisanwindow.com/products/kesar-badam-milk-shake,799.00,4.8,Hand Grounded
Millet Kheer (Ready to Eat),https://kiwikisanwindow.com/products/millet-kheer-ready-to-eat,192.00,4.8,Roasting & Dehyderation
Millet Khichadi (Ready to Eat),https://kiwikisanwindow.com/products/millet-khichadi-ready-to-eat,199.00,No reviews,Roasting & Dehyderation
Mizoram Yellow Chilli Mix,https://kiwikisanwindow.com/products/mizo-yellow-chilli-mix-100-gm,329.00,4.8,Sun Dried
Nepali Chili Mix | Vibrant Mix of Nepali Chilli,https://kiwikisanwindow.com/products/nepali-crispy-chilli-flakes-100-gm,329.00,4.8,Sun - Infused
Organic Jim Corbett Forest Honey | 100% Pure & Raw,https://kiwikisanwindow.com/products/honey-2405201712369,499.00,4.8,Bee-Friendly
Organic Yellow Mustard Oil (Cold Pressed) (500 ml),https://kiwikisanwindow.com/products/organic-yellow-mustard-oil-1-lts-cold-pressed,299.00,4.8,Cold Pressed
Pure Heeng Asafoetida | Extra Strong | Hand Pounded,https://kiwikisanwindow.com/products/spices-masala-herbs-2405201751504,359.00,4.9,Traditional Extraction
Pure Saffron/Kesar | 100% Pure | Authentic Kashmiri Mogra Kesar,https://kiwikisanwindow.com/products/spices-masala-herbs-2405201751009,499.00,4.8,Hand Picked at Dawn
Quinoa Millet Noodles | Ready to Cook,https://kiwikisanwindow.com/products/healthy-chinese-2405201758251,179.00,4.8,Slow & Low Temperature
Rajma Chakrata,https://kiwikisanwindow.com/products/pulses-2405201755090,249.00,4.8,Hand Picked
Sizzled Himalayan Timru Salt | Sichuan pepper,https://kiwikisanwindow.com/products/spices-masala-herbs-99952000000698,249.00,4.8,Silbatta
Strawberry Punch Tea,https://kiwikisanwindow.com/products/hibiscus-green-tea-copy-copy-copy-copy,189.00,No reviews,Hand Picked
Strong Coffee,https://kiwikisanwindow.com/products/tea-coffee-2405201754598,389.00,4.8,Hand Roast
Trail Mix | Goodness Of Superfood Nuts & Seeds and Berries,https://kiwikisanwindow.com/products/dried-fruits-and-seeds-2405201756127,399.00,4.8,Sun Dried
Tulsi Adrak Tea,https://kiwikisanwindow.com/products/hibiscus-green-tea-copy-copy-1,189.00,No reviews,Hand Picked
Vanilla Bliss Tea,https://kiwikisanwindow.com/products/hibiscus-green-tea-copy-copy-copy,189.00,No reviews,Hand Picked
Vanilla Freeze Dried Coffee,https://kiwikisanwindow.com/products/freeze-dried-coffee-copy,329.00,No reviews,Freeze Dried
